code,posted_kst,dow,hour,age_days,type,slides,duration,plays,multiple,likes,like_hidden,comments,comments_per_10k,like_rate_pct,pinned,topic,format,hook_id,hook_name,title_card,hook_3s,chars_per_sec,setting,cta,caption,cap_len,hashtags,url
Dd80M5qN0kj,2026-10-01 20:35,목,20,0.6,REEL,1,30.7,71197,0.34,,True,35,4.9,,False,일상·취향,독백(스토리 질문에 답),16,The Verbatim Question,매일 끼는 명품 쥬얼리 top3,많은 분들이 사이즈까지 물어보셨는데 요거는 미디움이고,7.0,진료실 책상,없음,"제 문신인(?) 목걸이 팔찌 반지💍

#오블리브의원 #종로피부과 #일상",39,#오블리브의원 #종로피부과 #일상,https://www.instagram.com/reel/Dd80M5qN0kj/
DdtZvzNBCkt,2026-09-25 20:57,금,20,6.6,REEL,1,32.1,233629,1.12,1482,False,46,2.0,0.63,False,얼굴 분석(연예인),독백,17,Head To Head,의사가 본 실물파 vs 화면파,실물이 예쁘려면 여러 각도에서 예뻐야 돼요 그러려면,6.4,진료실 책상,없음,"실물이 예쁜 사람 2가지 특징

#오블리브의원 #종로피부과 #추천",36,#오블리브의원 #종로피부과 #추천,https://www.instagram.com/reel/DdtZvzNBCkt/
DdoOaCCt-_9,2026-09-23 20:40,수,20,8.6,REEL,1,32,167957,0.81,,True,47,2.8,,False,시술 추천·가이드,독백,11,Numbered With A Favourite,머리숱 풍성해지려면,탈모는 한 번에 끝나는 건 없어요. 그중에서 가장,6.4,진료실 책상,없음,"풍성한 머리숱 되려면 이 ‘2가지’는 필수

#오블리브의원 #종로피부과 #머리숱 #추천",48,#오블리브의원 #종로피부과 #머리숱 #추천,https://www.instagram.com/reel/DdoOaCCt-_9/
DdTm4AVNepa,2026-09-15 20:30,화,20,16.6,REEL,1,22.2,533178,2.56,3363,False,64,1.2,0.63,False,학벌·공부,독백,22,Contrarian Flip,공부 잘 하는 사람 특징,저는 그냥 공부가 좋고 되게 재밌거든요. 이유가 있는데,7.8,진료실 책상,없음,"너무너무 현실적인 공부 조언😅

#오블리브의원 #종로피부과 #일상",36,#오블리브의원 #종로피부과 #일상,https://www.instagram.com/reel/DdTm4AVNepa/
DdJU50ftTNh,2026-09-11 20:40,금,20,20.6,REEL,1,9.7,277533,1.33,,True,49,1.8,,False,시술 추천·가이드,목록 낭독(9.7초),9,The Steal,살 찐 부위별 딱 맞는 시술은?,"팔뚝, 바디온다, 안벅지, 파셀라, 이중턱,",6.7,병원 로비(검정 스크럽),캡션 '필수 저장',"지방이 고민이라면 필수 저장🙌🏻

#오블리브의원 #종로피부과 #시술 #추천",41,#오블리브의원 #종로피부과 #시술 #추천,https://www.instagram.com/reel/DdJU50ftTNh/
DdEJ3F9Bci7,2026-09-09 20:30,수,20,22.6,REEL,1,35.6,473007,2.27,2308,False,192,4.1,0.49,False,얼굴 분석(연예인),독백,17,Head To Head,의사가 본 카리나 vs 윈터,두 분이 되게 비슷하게 생기셨거든요. 근데 약간 달라요. 첫,6.8,진료실 책상,없음,"한 끗 차이로 다른 남좋얼 vs 여좋얼 

#오블리브의원 #종로피부과 #카리나 #윈터",47,#오블리브의원 #종로피부과 #카리나 #윈터,https://www.instagram.com/reel/DdEJ3F9Bci7/
Dc_D9k0p8sS,2026-09-07 21:00,월,21,24.6,REEL,1,32.6,61527,0.3,,True,9,1.5,,False,시술 경고·소신,독백,2,Negative Command,도시락 싸들고 말릴 시술 Top2,첫 번째로는 피부 장벽이 깨진 상태에서의 토닝이에요.,7.1,병원 로비(흰 가운),없음,"지인이 한다 하면 뜯어말릴 시술 2가지

#오블리브의원 #종로피부과 #추천",41,#오블리브의원 #종로피부과 #추천,https://www.instagram.com/reel/Dc_D9k0p8sS/
Dc4uqCOj1lb,2026-09-05 09:58,토,9,27.1,CAR,5,,,,849,False,22,,,False,일상·취향,사진 캐러셀,,,,,,,없음,지나가는 일상들을 모아모아 🦔,16,,https://www.instagram.com/p/Dc4uqCOj1lb/
DctBxdtzAA9,2026-08-31 20:55,월,20,31.6,REEL,1,37.2,100917,0.48,,True,49,4.9,,False,일상·취향,독백,11,Numbered With A Favourite,n통째 비운 의사의 찐애정템,제가 좋아하는 성분이 NMN이라는 거거든요,7.1,진료실 책상,없음(캡션 '무조건 내돈내산'),"무조건 내돈내산입니다💸

#오블리브의원 #종로피부과 #일상 #스킨케어",38,#오블리브의원 #종로피부과 #일상 #스킨케어,https://www.instagram.com/reel/DctBxdtzAA9/
Dca-MrFBhX1,2026-08-24 20:38,월,20,38.6,REEL,1,29.2,217800,1.05,1819,False,44,2.0,0.84,False,일상·취향,독백,11,Numbered With A Favourite,30대 의사의 옷 고르는 기준,저랑 미감이 비슷하신 분들은 분명히 좋아하실 거예요. 첫 번째는,7.5,병원 로비(로고 벽),캡션 '[저장]',"[저장] 제 최애 옷 브랜드 3곳✔️

#오블리브의원 #종로피부과 #일상 #추천",44,#오블리브의원 #종로피부과 #일상 #추천,https://www.instagram.com/reel/Dca-MrFBhX1/
DcQsim1TsK9,2026-08-20 20:50,목,20,42.6,REEL,1,34.4,84158,0.4,520,False,34,4.0,0.62,False,시술 추천·가이드,독백,10,"If This, Then Watch",요즘 뭔-가 못 생겨보일 때,얼태기 왔을 때는 얼굴이 당장 좋아지긴 해야 돼요. 내,7.0,야외 정원,캡션 '(저장)',"(저장) 내일 당장 예뻐지는 시술 top2

#오블리브의원 #종로피부과 #시술",43,#오블리브의원 #종로피부과 #시술,https://www.instagram.com/reel/DcQsim1TsK9/
DcLi-FyzLyS,2026-08-18 20:50,화,20,44.6,REEL,1,30.5,220575,1.06,,True,45,2.0,,False,일상·취향,독백,24,The Reveal,의사의 출퇴근용 550만원 바이크,모페즈라는 바이크인데 차마 오토바이를 타긴 좀,6.6,야외 거리,없음,"소비습관이 그대로 반영된 제 이동수단

#오블리브의원 #종로피부과 #일상 #바이크",45,#오블리브의원 #종로피부과 #일상 #바이크,https://www.instagram.com/reel/DcLi-FyzLyS/
DcD0gYQzlIu,2026-08-15 20:50,토,20,47.6,REEL,1,26.4,198511,0.95,1094,False,32,1.6,0.55,False,시술 경고·소신,독백(댓글 질문에 답),12,The Objection,사람 시체로 만든 스킨부스터,사람 시체라고 하니까 좀 무서운데 우리가 쓰는 모든,7.4,진료실 책상(검정 스크럽),없음,"리투오 얼굴에 맞아도 될까?

#오블리브의원 #종로피부과 #리투오",36,#오블리브의원 #종로피부과 #리투오,https://www.instagram.com/reel/DcD0gYQzlIu/
DbslYbSzA3O,2026-08-06 20:15,목,20,56.7,REEL,1,23.9,151745,0.73,798,False,34,2.2,0.53,False,일상·취향,인터뷰(화면 밖 질문),16,The Verbatim Question,30대 의사의 몸매 관리,"원장님, 보디빌딩은 어떻게 하다가 나가게 되신 거예요?",6.8,야외,없음,"그래도 요즘에도 꾸준히 천계는 타요😶‍🌫️

#오블리브의원 #종로피부과 #추천 #일상 #운동",51,#오블리브의원 #종로피부과 #추천 #일상 #운동,https://www.instagram.com/reel/DbslYbSzA3O/
DbS41pGzvmO,2026-07-27 20:45,월,20,66.6,REEL,1,30.2,650597,3.13,3215,False,171,2.6,0.49,True,시술 경고·소신,독백,22,Contrarian Flip,리프팅레이저 소신발언,울쎄라 같은 강한 초음파 장비를 어렸을 때부터 받으면,7.0,야외 테라스(흰 재킷),없음,"욕 먹을 각오하고 울쎄라 소신발언하겠습니다

#오블리브의원 #종로피부과 #리프팅레이저 #추천 #울쎄라",56,#오블리브의원 #종로피부과 #리프팅레이저 #추천 #울쎄라,https://www.instagram.com/reel/DbS41pGzvmO/
DbLEN_MTuHQ,2026-07-24 19:50,금,19,69.7,REEL,1,22.8,131476,0.63,948,False,14,1.1,0.72,False,학벌·공부,인터뷰(화면 밖 질문),16,The Verbatim Question,설컴+연의 나온 의사의 공부법,자신 없는 과목이 있으셨어요? 영어 정말 싫어했어요. 그래서 영어 어떻게,7.6,진료실 책상,캡션 '(공유)',"(공유) 싫어하는 과목은 이렇게 공부해보세요

#오블리브의원 #종로피부과 #일상 #시술 #추천",52,#오블리브의원 #종로피부과 #일상 #시술 #추천,https://www.instagram.com/reel/DbLEN_MTuHQ/
DaIKmAcxiek,2026-06-28 20:18,일,20,95.7,REEL,1,47.7,558490,2.68,4715,False,77,1.4,0.84,False,학벌·공부,인터뷰(화면 밖 질문),16,The Verbatim Question,설컴+연의 나온 의사의 암기법,서울대 컴공이랑 연대 의대 가셨잖아요. 암기법이 어떻게,7.4,진료실 책상,캡션 '(공유)',"(공유) 이걸 학생 때 알았더라면…-pd

*마지막에 나온 제품명*
- 릿제로 블루투스 리모컨
- 8BitDo 초소형 컨트롤러

#오블리브의원 #추천 #종로피부과 #일상 #공부",98,#오블리브의원 #추천 #종로피부과 #일상 #공부,https://www.instagram.com/reel/DaIKmAcxiek/
DaAgJgYh8mu,2026-06-25 20:53,목,20,98.6,REEL,1,36.1,939540,4.51,,True,53,0.6,,False,시술 경고·소신,독백,3,Nobody Tells You,피부과 호구시술 Top 3,많은 분들이 모르시는 호구 시술 3가지 알려드릴게요. 첫,7.1,병원 로비(분홍 스크럽),없음,"(솔직) 피부과 시술 이렇게는 절대 하지마세요

#오블리브의원 #종로피부과 #추천 #시술",49,#오블리브의원 #종로피부과 #추천 #시술,https://www.instagram.com/reel/DaAgJgYh8mu/
DZ4uc9OPPGq,2026-06-22 20:23,월,20,101.6,REEL,1,28.4,136225,0.65,,True,14,1.0,,False,일상·취향,독백,11,Numbered With A Favourite,자기관리 맛집 Top 2,자주 하는 것만 몇 개만 말씀을 드리면 저 머릿결에 신경 되게,6.8,병원 로비,없음,"댓글 안 달아도 알려드려요🏆관리맛집 top2

#오블리브의원 #종로피부과 #일상 #추천 #내돈내산",54,#오블리브의원 #종로피부과 #일상 #추천 #내돈내산,https://www.instagram.com/reel/DZ4uc9OPPGq/
DZpSg_iBRW4,2026-06-16 20:31,화,20,107.6,REEL,1,19.1,149961,0.72,,True,2,0.1,,False,일상·취향,독백,8,Insider Leak,연프 출연 제의 미팅 SSUL,연프 제안은 사실 궁금해서 나간 적이 있어요. 하트페어링,7.6,진료실 책상,없음,"의사가 연프 미팅 나가면 받는 질문

#오블리브의원 #종로피부과 #일상 #추천 #연프",47,#오블리브의원 #종로피부과 #일상 #추천 #연프,https://www.instagram.com/reel/DZpSg_iBRW4/
DZXPvvpP0dH,2026-06-09 20:20,화,20,114.6,REEL,1,38.5,931334,4.47,3960,False,124,1.3,0.43,False,학벌·공부,인터뷰(화면 밖 질문),16,The Verbatim Question,4학년 말에 서울대 자퇴한 이유,서울대 컴공 자퇴하시고 연대 의대 가셨잖아요. 왜,7.1,진료실 책상,캡션 '(공유)',"(공유) 서울대 자퇴하고 연세대 간 이유

#오블리브의원 #종로피부과 #일상 #서울대 #연세대의대",54,#오블리브의원 #종로피부과 #일상 #서울대 #연세대의대,https://www.instagram.com/reel/DZXPvvpP0dH/
DZPnPpvvoT4,2026-06-06 21:11,토,21,117.6,REEL,1,32.7,120557,0.58,453,False,6,0.5,0.38,False,시술 추천·가이드,독백,11,Numbered With A Favourite,30대 의사의 최애 시술 Top 3,제가 시술 받는 거 정말 좋아하고 자주 받는데 강하고 아프면,7.4,병원 로비(흰 가운),캡션 '공유ㅣ',"공유ㅣ30대 시술 이렇게만 해보세요

#오블리브의원 #추천 #시술 #종로피부과",43,#오블리브의원 #추천 #시술 #종로피부과,https://www.instagram.com/reel/DZPnPpvvoT4/
DZH3aSRB6Kf,2026-06-03 21:01,수,21,120.6,REEL,1,38.1,576489,2.77,4597,False,55,1.0,0.8,False,학벌·공부,인터뷰(화면 밖 질문),16,The Verbatim Question,서울대 자퇴하고 연대 의대 들어간 의사,원장님 수능 2번 보셨잖아요. 성적 어떻게 나오셨어요? 자랑은 아니지만,7.5,진료실 책상,캡션 '공유ㅣ',"공유ㅣ2017년도 불수능에서 살아남았던 꿀팁(?)

#오블리브의원 #추천 #공부 #꿀팁",48,#오블리브의원 #추천 #공부 #꿀팁,https://www.instagram.com/reel/DZH3aSRB6Kf/
